,TL,BR,Center,TL (UTM),BR (UTM),Map Size (m),Map Size (pixel/zoom),# Raster Images,1 Image Size (m),1 Image Size (pixel/zoom)
y/lat,35.11933973152815,35.11822026161383,35.11877999657099,244148.75,244310.84,162.09,338,1,165.6,345
x/lon,-89.80749831721305,-89.8056816952124,-89.80659000621273,3889885.3,3889756.43,128.87,255,1,124.2,245
z/agl,,,,,,,18,,126.0,18
total/area,,,,,,20888.54,,1,20567.52,
