,TL,BR,Center,TL (UTM),BR (UTM),Map Size (m),Map Size (pixel/zoom),# Raster Images,1 Image Size (m),1 Image Size (pixel/zoom)
y/lat,35.15342,35.130815,35.1421175,239889.71,250369.7,10479.99,337,65,160.23,334
x/lon,-89.855411,-89.7396372,-89.7975241,3893790.62,3890985.98,2804.64,80,23,120.18,237
z/agl,,,,,,,12,,121.92,18
total/area,,,,,,29392599.15,,1495,19256.44,
