{
    "coords": [35.15342, -89.855411, 35.130815, -89.7396372, 400],
    "seed": 1357
}
